<?xml version="1.0" encoding="UTF-8"?>
<window id="1126" type="dialog">
    <onload condition="String.IsEmpty(Window(Home).Property(Notify))">SetFocus(901002)</onload>
    <onload condition="!String.IsEmpty(Window(Home).Property(Notify))">SetFocus(901003)</onload>
    <onunload>ClearProperty(SetOnyxSkinColors,Home)</onunload>
    <onunload>ClearProperty(SetBlueSkinColors,Home)</onunload>
    <onunload>ClearProperty(SetDodgerBlueSkinColors,Home)</onunload>
    <onunload>ClearProperty(SetCyanSkinColors,Home)</onunload>
    <onunload>ClearProperty(SetRedSkinColors,Home)</onunload>
    <onunload>ClearProperty(SetDarkRedSkinColors,Home)</onunload>
    <onunload>ClearProperty(SetOrangeSkinColors,Home)</onunload>
    <onunload>ClearProperty(SetGreenSkinColors,Home)</onunload>
    <onunload>ClearProperty(SetNeonYellowSkinColors,Home)</onunload>
    <onunload>ClearProperty(SetNeonRedSkinColors,Home)</onunload>
    <onunload>ClearProperty(SetNeonGreenSkinColors,Home)</onunload>
    <onunload>ClearProperty(SetNeonBlueSkinColors,Home)</onunload>
    <onunload>ClearProperty(SetNeonPinkSkinColors,Home)</onunload>
    <onunload>ClearProperty(SetNeonPurpleSkinColors,Home)</onunload>
    <onunload>ClearProperty(ResetSkinColors,Home)</onunload>
    <onunload>ClearProperty(ResetSkinSettings,Home)</onunload>
    <onunload>ClearProperty(MissingDependency,Home)</onunload>
    <onunload>ClearProperty(NotWarnedOnHidingViz,Home)</onunload>
    <onunload>ClearProperty(Notify,Home)</onunload>
    <onunload>ClearProperty(NotifyFileManager,Home)</onunload>
    <onunload>ClearProperty(NotifyNoRepo,Home)</onunload>
    <onunload>ClearProperty(NotWarnedOnMuzicVizInfo,Home)</onunload>
    <onunload>ClearProperty(OfferReloadAfterConfirm,Home)</onunload>
    <onunload>ClearProperty(AskDefaultBackground,Home)</onunload>
    <include>DialogOpenCloseAnimation</include>
    <controls>
        <control type="image">
            <include>FullscreenDimensions</include>
            <texture border="1" colordiffuse="AAFFFFFF">black.png</texture>
            <animation effect="fade" time="300">WindowOpen</animation>
            <animation effect="fade" time="300">WindowClose</animation>
        </control>
        <control type="group">
            <left>502</left>
            <top>293</top>
            <control type="image">
                <width>916</width>
                <height>494</height>
                <texture border="40">dialogs/default/bg.png</texture>
            </control>
            <control type="image">
                <left>17</left>
                <top>70</top>
                <width>882</width>
                <height>1</height>
                <texture colordiffuse="$VAR[ThemeLabelColor]">separator_horizontal.png</texture>
            </control>
            <control type="label" id="1">
                <left>30</left>
                <top>22</top>
                <width>856</width>
                <height>40</height>
                <textoffsetx>15</textoffsetx>
                <font>font15_title</font>
                <align>center</align>
                <textcolor>grey2</textcolor>
                <label>$LOCALIZE[14117]</label>
            </control>
            <control type="textbox" id="400">
                <left>45</left>
                <top>98</top>
                <width>825</width>
                <height>282</height>
                <label>$VAR[CustomConfirmTextboxVar]</label>
                <textcolor>grey2</textcolor>
                <autoscroll time="3000" delay="4000" repeat="5000">true</autoscroll>
            </control>
            <control type="grouplist" id="90100">
                <left>30</left>
                <top>402</top>
                <width>856</width>
                <orientation>horizontal</orientation>
                <control type="button" id="901001">
                    <description>Yes button</description>
                    <width>421</width>
                    <label>$VAR[CustomConfirmYesLabelVar]</label>
                    <font>font15_title</font>
                    <textcolor>grey2</textcolor>
                    <focusedcolor>white</focusedcolor>
                    <align>center</align>
                    <onleft>noop</onleft>
                    <onright>noop</onright>
                    <onup>noop</onup>
                    <ondown>noop</ondown>
                    <onclick>Dialog.Close(1126)</onclick>
                    <include condition="!String.IsEmpty(Window(Home).Property(SetOnyxSkinColors))">SetPresetOnyxTheme</include>
                    <include condition="!String.IsEmpty(Window(Home).Property(SetBlueSkinColors))">SetPresetBlueTheme</include>
                    <include condition="!String.IsEmpty(Window(Home).Property(SetDodgerBlueSkinColors))">SetPresetDodgerBlueTheme</include>
                    <include condition="!String.IsEmpty(Window(Home).Property(SetCyanSkinColors))">SetPresetCyanTheme</include>
                    <include condition="!String.IsEmpty(Window(Home).Property(SetRedSkinColors))">SetPresetRedTheme</include>
                    <include condition="!String.IsEmpty(Window(Home).Property(SetDarkRedSkinColors))">SetPresetDarkRedTheme</include>
                    <include condition="!String.IsEmpty(Window(Home).Property(SetOrangeSkinColors))">SetPresetOrangeTheme</include>
                    <include condition="!String.IsEmpty(Window(Home).Property(SetGreenSkinColors))">SetPresetGreenTheme</include>
                    <include condition="!String.IsEmpty(Window(Home).Property(SetNeonYellowSkinColors))">SetPresetNeonYellowTheme</include>
                    <include condition="!String.IsEmpty(Window(Home).Property(SetNeonRedSkinColors))">SetPresetNeonRedTheme</include>
                    <include condition="!String.IsEmpty(Window(Home).Property(SetNeonGreenSkinColors))">SetPresetNeonGreenTheme</include>
                    <include condition="!String.IsEmpty(Window(Home).Property(SetNeonBlueSkinColors))">SetPresetNeonBlueTheme</include>
                    <include condition="!String.IsEmpty(Window(Home).Property(SetNeonPinkSkinColors))">SetPresetNeonPinkTheme</include>
                    <include condition="!String.IsEmpty(Window(Home).Property(SetNeonPurpleSkinColors))">SetPresetNeonPurpleTheme</include>
                    <include condition="!String.IsEmpty(Window(Home).Property(ResetSkinColors))">ResetSkinColorsOnclick</include>
                    <onclick condition="!String.IsEmpty(Window(Home).Property(ResetSkinSettings))">Skin.ResetSettings</onclick>
                    <onclick condition="!String.IsEmpty(Window(Home).Property(MissingDependency)) + !System.HasAddon(script.skinshortcuts)">SetProperty(RunSkinShortcutsAfterInstall,True,Home)</onclick>
                    <onclick condition="!String.IsEmpty(Window(Home).Property(MissingDependency)) + !System.HasAddon(script.skinshortcuts)">InstallAddon(script.skinshortcuts)</onclick>
                    <onclick condition="!Skin.HasSetting(WarnedOnHidingViz) + !String.IsEmpty(Window(Home).Property(NotWarnedOnHidingViz))">Skin.ToggleSetting(hidevizbehindfanart)</onclick>
                    <onclick condition="!Skin.HasSetting(WarnedOnHidingViz) + !String.IsEmpty(Window(Home).Property(NotWarnedOnHidingViz))">Skin.SetBool(WarnedOnHidingViz)</onclick>
                    <onclick condition="!String.IsEmpty(Window(Home).Property(OfferReloadAfterConfirm))">Skin.ToggleSetting(KioskMode.Enabled)</onclick>
                    <onclick condition="!String.IsEmpty(Window(Home).Property(AskDefaultBackground))">Skin.SetBool(AskedDefaultBackground)</onclick>
                    <onclick condition="!String.IsEmpty(Window(Home).Property(AskDefaultBackground))">SetProperty(CustomSelectDefaultBackground,True,Home)</onclick>
                    <onclick condition="!String.IsEmpty(Window(Home).Property(AskDefaultBackground))">ActivateWindow(1129)</onclick>
                    <texturefocus colordiffuse="$VAR[HighlightBarColor]" border="5">listselect_fo.png</texturefocus>
                    <visible>String.IsEmpty(Window(Home).Property(Notify))</visible>
                </control>
                <control type="button" id="901002">
                    <description>No button</description>
                    <left>465</left>
                    <top>402</top>
                    <width>421</width>
                    <label>$VAR[CustomConfirmNoLabelVar]</label>
                    <font>font15_title</font>
                    <textcolor>grey2</textcolor>
                    <focusedcolor>white</focusedcolor>
                    <align>center</align>
                    <onleft>noop</onleft>
                    <onright>noop</onright>
                    <onup>noop</onup>
                    <ondown>noop</ondown>
                    <onclick>Dialog.Close(1126)</onclick>
                    <onclick condition="!String.IsEmpty(Window(Home).Property(MissingDependency))">ActivateWindow(interfacesettings)</onclick>
                    <onclick condition="!String.IsEmpty(Window(Home).Property(AskDefaultBackground))">Skin.SetBool(AskedDefaultBackground)</onclick>
                    <texturefocus colordiffuse="$VAR[HighlightBarColor]" border="5">listselect_fo.png</texturefocus>
                    <visible>String.IsEmpty(Window(Home).Property(Notify))</visible>
                </control>
                <control type="button" id="901003">
                    <description>OK button</description>
                    <left>465</left>
                    <top>402</top>
                    <width>842</width>
                    <label>$LOCALIZE[186]</label>
                    <font>font15_title</font>
                    <textcolor>grey2</textcolor>
                    <focusedcolor>white</focusedcolor>
                    <align>center</align>
                    <onleft>noop</onleft>
                    <onright>noop</onright>
                    <onup>noop</onup>
                    <ondown>noop</ondown>
                    <onclick condition="!String.IsEmpty(Window(Home).Property(NotifyFileManager))">Skin.SetBool(WarnedOnFileManager)</onclick>
                    <onclick condition="!String.IsEmpty(Window(Home).Property(NotifyNoRepo))">ClearProperty(NotifyNoRepo,Home)</onclick>
                    <onclick condition="!String.IsEmpty(Window(Home).Property(NotWarnedOnMuzicVizInfo))">ClearProperty(NotWarnedOnMuzicVizInfo,Home)</onclick>
                    <onclick condition="!Skin.HasSetting(WarnedOnMusicVizInfo) + !String.IsEmpty(Window(Home).Property(NotWarnedOnMuzicVizInfo))">Skin.SetBool(WarnedOnMusicVizInfo)</onclick>
                    <onclick condition="!Skin.HasSetting(WarnedOnFullscreenInfo) + !String.IsEmpty(Window(Home).Property(NotWarnedOnFullscreenInfo))">Skin.SetBool(WarnedOnFullscreenInfo)</onclick>
                    <onclick>Dialog.Close(1126)</onclick>
                    <texturefocus colordiffuse="$VAR[HighlightBarColor]" border="5">listselect_fo.png</texturefocus>
                    <texturenofocus border="5">dialogs/default/inner.png</texturenofocus>
                    <visible>!String.IsEmpty(Window(Home).Property(Notify))</visible>
                </control>
            </control>
        </control>
    </controls>
</window>