<?xml version="1.0" encoding="UTF-8"?>
<window>
    <controls>
        <control type="image" id="1">
            <description>Pointer</description>
            <width>44</width>
            <height>50</height>
            <texture colordiffuse="$VAR[ThemeLabelColor]" >pointer_arrow.png</texture>
            <visible>String.IsEmpty(Window(Home).Property(Enable.ScreenshotMode))</visible>
        </control>
        <control type="image" id="2">
            <description>Pointer Focus</description>
            <width>44</width>
            <height>50</height>
            <texture colordiffuse="$VAR[ThemeLabelColor]" >pointer_arrow.png</texture>
            <visible>String.IsEmpty(Window(Home).Property(Enable.ScreenshotMode))</visible>
        </control>
        <control type="image" id="3">
            <description>Pointer Drag</description>
            <width>44</width>
            <height>50</height>
            <texture colordiffuse="$VAR[ThemeLabelColor]" >pointer_arrow.png</texture>
            <visible>String.IsEmpty(Window(Home).Property(Enable.ScreenshotMode))</visible>
        </control>
        <control type="image" id="4">
            <description>Pointer Click</description>
            <width>44</width>
            <height>50</height>
            <texture>pointer_click.png</texture>
            <visible>String.IsEmpty(Window(Home).Property(Enable.ScreenshotMode))</visible>
        </control>
    </controls>
</window>