<?xml version='1.0' encoding='UTF-8' standalone='yes'?>
<addon id="plugin.video.swifttv" name="SwiftTv"
       version="22.4.26"
       provider-name="[COLORpurple]• [COLORorchid]Tech [COLORdarkorchid]E [COLORplum]Coyote [COLORpurple]•[/COLOR]">
  <requires>
    <import addon="xbmc.python" version="3.0.0"/>
    <import addon="script.module.requests"/>
    <import addon="script.module.kodi-six"/>
    <import addon="script.module.future"/>
    <import addon="script.module.routing"/>
  </requires>
  <extension point="xbmc.python.pluginsource" library="addon.py">
    <provides>video</provides>
  </extension>
  <extension point="xbmc.addon.metadata">
    <reuselanguageinvoker>true</reuselanguageinvoker>
    <summary lang="en_gb">SwiftTv</summary>
    <description lang="en_gb">SwiftTv</description>
    <disclaimer lang="en_gb"/>
  <assets>
	<icon>icon.png</icon>
	<fanart>fanart.jpg</fanart>
  </assets>	
    <platform>all</platform>
    <license>GPL-3.0</license>
  </extension>
</addon>
