<?xml version='1.0' encoding='UTF-8' standalone='yes'?>
<addon id="plugin.video.rbtv" name="RBTv" version="0.0.1" provider-name="Anubis">
  <requires>
    <import addon="xbmc.python" version="3.0.0"/>
    <import addon="script.module.pyamf"/>
    <import addon="script.module.kodi-six"/>
    <import addon="script.module.future"/>
    <import addon="script.module.requests"/>
    <import addon="script.module.routing"/>
  </requires>
  <extension point="xbmc.python.pluginsource" library="addon.py">
    <provides>video</provides>
  </extension>
  <extension point="xbmc.addon.metadata">
   <reuselanguageinvoker>true</reuselanguageinvoker>
  <summary lang="en">USTvGo</summary>
  <description lang="en_GB">USTvGo</description>
  <disclaimer lang="en_GB">The author of this addon do not host any of the content which is found and have no affiliation with any of the content providers. This addon simply searches websites for content.</disclaimer>
  <assets>
	<icon>icon.png</icon>
	<fanart>fanart.jpg</fanart>
  </assets>
</extension>
</addon>

